SL,Keywords
1,How do you change a hose bib valve
2,How do you connect a hose bib to a PVC pipe
3,How do you connect a hose to an outdoor faucet
4,Can you run a sprinkler system off a hose bib
5,What is hose water
6,How do I connect a garden hose to an outdoor faucet
7,How to disconnect a hose from the spigot without damaging it
8,How to connect a hose bibb to a home's plumbing system
9,Can you change the temperature of your hose water
10,How do I attach a PVC pipe to a hose bib
11,Can you attach a hose to a PVC pipe
12,How do you get water out of a garden hose
13,Is there risks to drinking water from a garden hose
14,How to drain my garden hose in winter
